Modèle,RMSE test,Temps entraînement,Nombre paramètres
LSTM,76.30004137950586,3.2490060329437256,10451
GRU,221.52925885987577,2.9689981937408447,8001
